Keyword,Currency,Avg. monthly searches,Three month change,YoY change,Competition,Competition (indexed value),Top of page bid (low range),Top of page bid (high range),Ad impression share,Organic impression share,Organic average position,In account?,In plan?,Searches: Sep 2023,Searches: Oct 2023,Searches: Nov 2023,Searches: Dec 2023,Searches: Jan 2024,Searches: Feb 2024,Searches: Mar 2024,Searches: Apr 2024,Searches: May 2024,Searches: Jun 2024,Searches: Jul 2024,Searches: Aug 2024
it consultant,INR,5000,0%,0%,Low,3,19.94,77,,,,,,,,,,,,,,,,,
it consultants near me,INR,500,0%,900%,Low,8,2.69,48.14,,,,,,,,,,,,,,,,,
it consultant company,INR,500,0%,0%,Low,12,22.6,58.94,,,,,,,,,,,,,,,,,
it services company,INR,5000,0%,900%,Low,13,20.93,60.55,,,,,,,,,,,,,,,,,
it services and it consulting,INR,500,0%,0%,Low,6,30.13,69.79,,,,,,,,,,,,,,,,,
it consulting companies near me,INR,50,-90%,0%,Low,7,10.04,43.1,,,,,,,,,,,,,,,,,
it consulting firms near me,INR,50,-90%,0%,Low,7,10.04,43.1,,,,,,,,,,,,,,,,,
it consulting services,INR,5000,0%,0%,Low,8,24.36,84.91,,,,,,,,,,,,,,,,,
top it consulting firms,INR,500,0%,0%,Low,4,30.97,59.01,,,,,,,,,,,,,,,,,
it consulting firms,INR,500,0%,0%,Low,8,29.33,178.28,,,,,,,,,,,,,,,,,
small business it consultant,INR,50,0%,0%,Low,15,24.29,192.98,,,,,,,,,,,,,,,,,
it consulting business,INR,500,0%,0%,Low,8,17.37,51.89,,,,,,,,,,,,,,,,,
it services and it consulting companies,INR,500,0%,0%,Low,17,27.56,67.8,,,,,,,,,,,,,,,,,
it security consulting,INR,50,0%,0%,Low,7,52.9,104.12,,,,,,,,,,,,,,,,,
small business it consultant near me,INR,50,0%,∞,Medium,64,,,,,,,,,,,,,,,,,,,
it business consultant,INR,500,0%,0%,Low,8,17.37,51.89,,,,,,,,,,,,,,,,,
best it consulting firms,INR,500,0%,0%,Low,3,16.05,58.85,,,,,,,,,,,,,,,,,
it services and consulting,INR,500,0%,0%,Low,9,35.2,67.8,,,,,,,,,,,,,,,,,
deloitte it consulting,INR,5000,0%,0%,Low,1,41.01,172.42,,,,,,,,,,,,,,,,,
it consulting website,INR,50,0%,0%,Low,29,20.93,95.42,,,,,,,,,,,,,,,,,
it consulting services near me,INR,50,0%,0%,Low,7,15.9,69.5,,,,,,,,,,,,,,,,,
it advisory,INR,50,-90%,0%,Low,1,,,,,,,,,,,,,,,,,,,
it support consultant,INR,50,0%,0%,Low,3,,,,,,,,,,,,,,,,,,,
it advisory services,INR,50,0%,0%,Low,6,,,,,,,,,,,,,,,,,,,
top it consulting companies,INR,500,0%,0%,Low,4,30.97,59.01,,,,,,,,,,,,,,,,,
ey it consulting,INR,5000,0%,0%,Low,1,54.41,239.72,,,,,,,,,,,,,,,,,
best it consulting websites,INR,50,0%,0%,Low,20,13.39,124.71,,,,,,,,,,,,,,,,,
it consulting services for small business,INR,50,0%,0%,Low,10,,,,,,,,,,,,,,,,,,,
biggest it consulting firms,INR,50,0%,0%,Low,2,,,,,,,,,,,,,,,,,,,
it management consultant,INR,50,0%,0%,Low,5,,,,,,,,,,,,,,,,,,,
ibm it consulting,INR,5000,0%,0%,Low,3,26.51,104.85,,,,,,,,,,,,,,,,,
accenture it consulting,INR,500,0%,0%,Low,1,24.94,189.41,,,,,,,,,,,,,,,,,
it audit consultant,INR,50,0%,0%,Low,10,,,,,,,,,,,,,,,,,,,
largest it consulting firms,INR,50,0%,0%,Low,2,,,,,,,,,,,,,,,,,,,
it consulting and services companies,INR,50,0%,0%,Low,13,,,,,,,,,,,,,,,,,,,
it services consulting companies,INR,50,0%,0%,Low,26,27.62,54.84,,,,,,,,,,,,,,,,,
it strategy consultant,INR,50,-90%,0%,Low,11,36.89,54.05,,,,,,,,,,,,,,,,,
local it consultants,INR,50,0%,-100%,Unknown,,,,,,,,,,,,,,,,,,,,
it services and consulting companies,INR,500,0%,0%,Low,24,33.35,181.63,,,,,,,,,,,,,,,,,
best it consulting companies,INR,500,0%,0%,Low,4,30.97,59.01,,,,,,,,,,,,,,,,,
it cloud consulting services,INR,50,0%,0%,Low,12,,,,,,,,,,,,,,,,,,,
it consulting software,INR,50,0%,0%,Low,8,9.21,39.34,,,,,,,,,,,,,,,,,
it software consulting companies,INR,50,0%,0%,Low,30,27.49,66.12,,,,,,,,,,,,,,,,,
it consulting and outsourcing company,INR,50,0%,0%,Low,29,26.03,61.1,,,,,,,,,,,,,,,,,
tcs it company,INR,50000,0%,0%,Low,0,0.69,52.73,,,,,,,,,,,,,,,,,
it project management consultant,INR,50,0%,0%,Low,9,,,,,,,,,,,,,,,,,,,
it infrastructure consulting,INR,50,0%,0%,Low,9,,,,,,,,,,,,,,,,,,,
it strategy consulting firms,INR,50,0%,0%,Medium,50,,,,,,,,,,,,,,,,,,,
it consulting services companies,INR,50,0%,0%,Low,12,29.1,432.73,,,,,,,,,,,,,,,,,
top it consulting firms in us,INR,500,0%,0%,Medium,45,81.61,190,,,,,,,,,,,,,,,,,
it network consultant,INR,50,0%,0%,Medium,45,48.55,131.41,,,,,,,,,,,,,,,,,
it tech consultant,INR,50,0%,0%,Low,5,,,,,,,,,,,,,,,,,,,
pwc it consulting,INR,500,0%,0%,Low,0,,,,,,,,,,,,,,,,,,,
it audit consulting firms,INR,50,0%,∞,Low,6,,,,,,,,,,,,,,,,,,,
it security consulting firms,INR,50,0%,0%,Medium,61,58.46,134.6,,,,,,,,,,,,,,,,,
it software consultant,INR,50,0%,0%,Low,8,9.21,39.34,,,,,,,,,,,,,,,,,
independent it consultant,INR,50,0%,0%,Low,13,,,,,,,,,,,,,,,,,,,
private it consultant,INR,50,0%,0%,Low,7,,,,,,,,,,,,,,,,,,,
ict consulting,INR,500,0%,0%,Low,0,,,,,,,,,,,,,,,,,,,
it systems consultant,INR,50,0%,-100%,Unknown,,,,,,,,,,,,,,,,,,,,
large it consulting firms,INR,50,0%,0%,Low,2,,,,,,,,,,,,,,,,,,,
it consulting & services,INR,5000,0%,0%,Low,8,24.36,84.91,,,,,,,,,,,,,,,,,
professional it services & technology consulting,INR,50,0%,∞,Low,0,,,,,,,,,,,,,,,,,,,
it consulting group,INR,50,0%,0%,Low,0,,,,,,,,,,,,,,,,,,,
it project management companies,INR,50,0%,0%,Low,10,,,,,,,,,,,,,,,,,,,
it consultant microsoft,INR,50,0%,∞,Low,0,,,,,,,,,,,,,,,,,,,
find an it consultant,INR,0,0%,0%,Unknown,,,,,,,,,,,,,,,,,,,,
local it consulting firms,INR,50,∞,∞,Low,0,,,,,,,,,,,,,,,,,,,
it consulting and software development,INR,50,0%,0%,Low,17,,,,,,,,,,,,,,,,,,,
raye it consulting,INR,50,0%,0%,Low,0,,,,,,,,,,,,,,,,,,,
it project management consulting services,INR,50,0%,0%,Low,3,,,,,,,,,,,,,,,,,,,
it and consulting services,INR,5000,0%,0%,Low,8,24.36,84.91,,,,,,,,,,,,,,,,,
ahead it consulting,INR,50,0%,0%,Low,0,,,,,,,,,,,,,,,,,,,
it consulting experts,INR,50,0%,0%,Unknown,,,,,,,,,,,,,,,,,,,,
it project consultant,INR,50,0%,0%,Low,26,14.69,30.97,,,,,,,,,,,,,,,,,
it technology consulting,INR,50,0%,0%,Low,5,,,,,,,,,,,,,,,,,,,
it strategy mckinsey,INR,50,0%,0%,Low,14,,,,,,,,,,,,,,,,,,,
ey it services and it consulting,INR,50,0%,0%,Low,0,,,,,,,,,,,,,,,,,,,
it consulting agencies,INR,50,0%,0%,Medium,57,,,,,,,,,,,,,,,,,,,
cloud it consulting,INR,50,0%,0%,Low,7,,,,,,,,,,,,,,,,,,,
afineol it consulting,INR,50,0%,∞,Low,0,,,,,,,,,,,,,,,,,,,
it consulting and support,INR,50,0%,0%,Low,7,,,,,,,,,,,,,,,,,,,
top 10 it consulting companies,INR,50,0%,0%,Low,0,,,,,,,,,,,,,,,,,,,
it management consulting companies,INR,50,0%,0%,High,79,,,,,,,,,,,,,,,,,,,
it consulting outsourcing,INR,50,0%,0%,Low,0,,,,,,,,,,,,,,,,,,,
it cyber security consultant,INR,50,0%,0%,Low,27,33.48,91.91,,,,,,,,,,,,,,,,,
it consulting dfw,INR,50,0%,0%,Unknown,,,,,,,,,,,,,,,,,,,,
it business consulting services,INR,50,0%,0%,Low,0,,,,,,,,,,,,,,,,,,,
top it consulting firms us,INR,500,0%,0%,Medium,45,81.61,190,,,,,,,,,,,,,,,,,
top it consultants,INR,50,0%,0%,Low,5,,,,,,,,,,,,,,,,,,,
top it consulting firms 2022,INR,50,∞,∞,Low,0,,,,,,,,,,,,,,,,,,,
kpmg it consulting,INR,50,0%,0%,Low,0,,,,,,,,,,,,,,,,,,,
it services & consulting,INR,5000,0%,0%,Low,8,24.36,84.91,,,,,,,,,,,,,,,,,
small it consulting firms,INR,50,0%,0%,Low,0,,,,,,,,,,,,,,,,,,,
a2c it consulting,INR,50,0%,0%,Low,5,99.69,302.99,,,,,,,,,,,,,,,,,
tcs it,INR,500,0%,0%,Low,0,,,,,,,,,,,,,,,,,,,
sap it consultant,INR,50,0%,0%,Low,9,,,,,,,,,,,,,,,,,,,
it assessment consulting,INR,50,0%,-100%,Unknown,,,,,,,,,,,,,,,,,,,,
salesforce it consulting,INR,50,-100%,0%,Unknown,,,,,,,,,,,,,,,,,,,,
it strategy and consulting,INR,50,-90%,0%,Low,11,36.89,54.05,,,,,,,,,,,,,,,,,
bi it consulting,INR,50,∞,∞,Medium,38,,,,,,,,,,,,,,,,,,,
it outsourcing consulting,INR,50,-100%,-100%,Unknown,,,,,,,,,,,,,,,,,,,,
it service management consultant,INR,50,0%,0%,Low,3,,,,,,,,,,,,,,,,,,,
it and consulting,INR,50,0%,0%,Low,4,,,,,,,,,,,,,,,,,,,
outsourced it consulting,INR,50,0%,0%,Low,0,,,,,,,,,,,,,,,,,,,
it audit consulting services,INR,50,0%,-100%,Unknown,,,,,,,,,,,,,,,,,,,,
it support and consulting,INR,50,0%,0%,Low,12,,,,,,,,,,,,,,,,,,,
netsolutions it consulting,INR,50,-100%,-100%,Unknown,,,,,,,,,,,,,,,,,,,,
it compliance consultant,INR,50,-100%,-100%,Unknown,,,,,,,,,,,,,,,,,,,,
thalamus it consulting,INR,50,-100%,0%,Unknown,,,,,,,,,,,,,,,,,,,,
leading it consulting firms,INR,50,0%,0%,Low,7,,,,,,,,,,,,,,,,,,,
top 10 it consulting firms,INR,50,0%,0%,Low,0,,,,,,,,,,,,,,,,,,,
it services it consulting,INR,50,0%,0%,Low,22,,,,,,,,,,,,,,,,,,,
best it consulting,INR,50,0%,0%,Low,4,,,,,,,,,,,,,,,,,,,
it security consulting companies,INR,50,0%,0%,Medium,61,58.46,134.6,,,,,,,,,,,,,,,,,
tata it consulting,INR,50,0%,0%,Low,5,,,,,,,,,,,,,,,,,,,
anm it consulting,INR,50,0%,-100%,Unknown,,,,,,,,,,,,,,,,,,,,
quarry it consulting,INR,50,0%,∞,Low,0,,,,,,,,,,,,,,,,,,,
atlantis it consulting,INR,500,0%,0%,Low,1,,,,,,,,,,,,,,,,,,,
it advisory firms,INR,50,0%,0%,Low,7,,,,,,,,,,,,,,,,,,,
international it consulting firms,INR,50,0%,0%,Medium,36,,,,,,,,,,,,,,,,,,,
computer it consulting services,INR,50,∞,∞,Low,0,,,,,,,,,,,,,,,,,,,
it infrastructure consulting services,INR,50,0%,0%,Low,20,38.5,82.86,,,,,,,,,,,,,,,,,
it audit advisory,INR,50,0%,-100%,Unknown,,,,,,,,,,,,,,,,,,,,
managed it consulting,INR,50,0%,0%,Low,5,,,,,,,,,,,,,,,,,,,
accenture it strategy,INR,50,0%,0%,Low,0,,,,,,,,,,,,,,,,,,,
global it consulting,INR,50,0%,0%,Low,0,,,,,,,,,,,,,,,,,,,
it strategy services,INR,50,0%,0%,Low,7,,,,,,,,,,,,,,,,,,,
it operations consultant,INR,50,0%,0%,Low,14,,,,,,,,,,,,,,,,,,,
wipro it consulting,INR,500,0%,0%,Low,1,41.01,689.69,,,,,,,,,,,,,,,,,
solomon it consulting,INR,50,0%,∞,Low,0,,,,,,,,,,,,,,,,,,,
it implementation consultant,INR,50,0%,-100%,Unknown,,,,,,,,,,,,,,,,,,,,
it solution consulting,INR,50,0%,0%,Medium,34,159.03,583.39,,,,,,,,,,,,,,,,,
it risk consultant,INR,500,0%,0%,Low,2,18.92,1199.42,,,,,,,,,,,,,,,,,
mckenzie it company,INR,50,-100%,-100%,Unknown,,,,,,,,,,,,,,,,,,,,
prosource it consulting inc,INR,50,0%,0%,Low,0,,,,,,,,,,,,,,,,,,,
it governance consultant,INR,50,0%,0%,Low,0,,,,,,,,,,,,,,,,,,,
it empowerment consulting,INR,50,0%,0%,Low,0,,,,,,,,,,,,,,,,,,,
enterprise it consulting services,INR,50,0%,0%,Low,0,,,,,,,,,,,,,,,,,,,
consulting services it,INR,5000,0%,0%,Low,8,24.36,84.91,,,,,,,,,,,,,,,,,
it consulting software development,INR,50,0%,0%,Low,17,,,,,,,,,,,,,,,,,,,
forrester it consulting,INR,0,0%,0%,Unknown,,,,,,,,,,,,,,,,,,,,
it senior consultant,INR,50,0%,0%,Low,5,,,,,,,,,,,,,,,,,,,
rena consulting it audit,INR,50,∞,0%,Low,0,,,,,,,,,,,,,,,,,,,
software it consulting,INR,50,0%,0%,Low,8,9.21,39.34,,,,,,,,,,,,,,,,,
it advisory companies,INR,50,0%,0%,Medium,36,,,,,,,,,,,,,,,,,,,
it consulting for business,INR,500,0%,0%,Low,8,17.37,51.89,,,,,,,,,,,,,,,,,
it consultant sap,INR,50,0%,0%,Low,9,,,,,,,,,,,,,,,,,,,
it consulting and support services,INR,50,0%,0%,Low,26,,,,,,,,,,,,,,,,,,,
strategic it consulting services,INR,50,0%,0%,Low,3,,,,,,,,,,,,,,,,,,,
it consulting managed services,INR,50,-100%,-100%,Unknown,,,,,,,,,,,,,,,,,,,,
shaleen arora it consultant,INR,50,0%,0%,Low,0,,,,,,,,,,,,,,,,,,,
canadian it consulting companies,INR,50,-90%,-90%,Low,17,99.6,222.64,,,,,,,,,,,,,,,,,
small it consulting companies,INR,50,0%,0%,Low,0,,,,,,,,,,,,,,,,,,,
business and it consulting,INR,500,0%,0%,Low,8,17.37,51.89,,,,,,,,,,,,,,,,,
jones it consulting,INR,50,0%,∞,Low,0,,,,,,,,,,,,,,,,,,,
it consulting inc,INR,50,0%,0%,Low,0,,,,,,,,,,,,,,,,,,,
xtracit it consulting,INR,50,-100%,-100%,Unknown,,,,,,,,,,,,,,,,,,,,
professional it consultant,INR,50,0%,0%,Low,0,,,,,,,,,,,,,,,,,,,
phoenix it consultants,INR,50,0%,0%,Low,0,,,,,,,,,,,,,,,,,,,
deloitte it strategy,INR,50,-100%,-100%,Unknown,,,,,,,,,,,,,,,,,,,,
it infrastructure consulting firms,INR,50,0%,0%,Low,0,,,,,,,,,,,,,,,,,,,
melbourne it consulting,INR,50,0%,0%,Low,0,,,,,,,,,,,,,,,,,,,
professional it consulting services,INR,50,0%,0%,Low,0,,,,,,,,,,,,,,,,,,,
certified it consultants,INR,50,0%,0%,Low,33,23.44,91.68,,,,,,,,,,,,,,,,,
corporate it consulting,INR,50,0%,0%,Unknown,,,,,,,,,,,,,,,,,,,,
it services and it consulting company,INR,500,0%,0%,Low,17,27.56,67.8,,,,,,,,,,,,,,,,,
biggest it consulting companies,INR,50,0%,0%,Low,2,,,,,,,,,,,,,,,,,,,
top it consulting services,INR,50,0%,0%,Low,0,,,,,,,,,,,,,,,,,,,
top it strategy consulting firms,INR,500,0%,0%,Low,4,30.97,59.01,,,,,,,,,,,,,,,,,
global it consulting services,INR,50,0%,0%,Low,1,,,,,,,,,,,,,,,,,,,
it security consulting services,INR,50,0%,0%,Low,9,35.6,85.88,,,,,,,,,,,,,,,,,
visual it consulting,INR,50,0%,0%,Low,0,,,,,,,,,,,,,,,,,,,
ubds it consulting,INR,50,0%,∞,Low,0,,,,,,,,,,,,,,,,,,,
mckinsey it consulting,INR,500,0%,0%,Low,1,31.32,83.7,,,,,,,,,,,,,,,,,
maximovich it consulting,INR,50,-100%,0%,Unknown,,,,,,,,,,,,,,,,,,,,
it resourcing,INR,500,0%,0%,Low,2,42.69,90.4,,,,,,,,,,,,,,,,,
launch it consulting,INR,500,0%,0%,Low,0,,,,,,,,,,,,,,,,,,,
top 50 it consulting firms,INR,50,0%,0%,Low,18,,,,,,,,,,,,,,,,,,,
kpmg it advisory,INR,50,0%,0%,Low,0,,,,,,,,,,,,,,,,,,,
capgemini it consultant,INR,50,0%,0%,Low,0,,,,,,,,,,,,,,,,,,,
it consulting cloud services,INR,50,-100%,-100%,Unknown,,,,,,,,,,,,,,,,,,,,
top 100 it consulting firms,INR,50,0%,∞,Low,0,,,,,,,,,,,,,,,,,,,
global it consulting companies,INR,50,0%,0%,Low,4,,,,,,,,,,,,,,,,,,,
a2z it consulting inc,INR,50,0%,0%,Low,0,,,,,,,,,,,,,,,,,,,
steadfast it consulting,INR,50,0%,0%,Low,0,,,,,,,,,,,,,,,,,,,
slalom it consulting,INR,5000,0%,0%,Low,0,,,,,,,,,,,,,,,,,,,
cgi it consulting,INR,50,0%,0%,Low,0,,,,,,,,,,,,,,,,,,,
meraki it consulting,INR,50,-100%,0%,Unknown,,,,,,,,,,,,,,,,,,,,
it advisory consultant,INR,50,0%,0%,Low,21,,,,,,,,,,,,,,,,,,,
a2z it consulting,INR,50,0%,0%,Unknown,,,,,,,,,,,,,,,,,,,,
abjima it consulting,INR,50,0%,0%,Low,0,,,,,,,,,,,,,,,,,,,
absyntech it consultant,INR,50,0%,0%,Low,0,,,,,,,,,,,,,,,,,,,
accelerated it services & consulting gmbh,INR,50,∞,0%,Low,0,,,,,,,,,,,,,,,,,,,
accesa it consulting,INR,50,-100%,0%,Unknown,,,,,,,,,,,,,,,,,,,,
adesso it consultant,INR,50,0%,0%,Unknown,,,,,,,,,,,,,,,,,,,,
adisatya it consultant,INR,50,0%,0%,Unknown,,,,,,,,,,,,,,,,,,,,
advanced it consultant,INR,50,0%,∞,Low,0,,,,,,,,,,,,,,,,,,,
advanced it consulting services,INR,50,∞,∞,Low,0,,,,,,,,,,,,,,,,,,,
agile it consulting,INR,50,∞,0%,Low,0,,,,,,,,,,,,,,,,,,,
agility it consulting,INR,0,0%,0%,Unknown,,,,,,,,,,,,,,,,,,,,
agriculture it consulting,INR,50,0%,-100%,Unknown,,,,,,,,,,,,,,,,,,,,
agriculture it consulting firms,INR,50,0%,0%,Unknown,,,,,,,,,,,,,,,,,,,,
agtech it consulting firms,INR,0,0%,0%,Unknown,,,,,,,,,,,,,,,,,,,,
albatross it consultants,INR,50,0%,0%,Unknown,,,,,,,,,,,,,,,,,,,,
align it consulting,INR,50,0%,0%,Low,0,,,,,,,,,,,,,,,,,,,
alliance it consulting,INR,50,0%,0%,Low,0,,,,,,,,,,,,,,,,,,,
aman it consulting,INR,50,0%,-100%,Unknown,,,,,,,,,,,,,,,,,,,,
an it consultant,INR,50,∞,0%,Low,0,,,,,,,,,,,,,,,,,,,
as it consulting,INR,50,0%,0%,Low,0,,,,,,,,,,,,,,,,,,,
atos it consulting,INR,50,-100%,-100%,Unknown,,,,,,,,,,,,,,,,,,,,
atoz it consulting,INR,50,0%,-100%,Unknown,,,,,,,,,,,,,,,,,,,,
atribs it consulting,INR,50,0%,0%,Low,14,,,,,,,,,,,,,,,,,,,
avatar it consulting,INR,50,0%,0%,Unknown,,,,,,,,,,,,,,,,,,,,
az it consulting,INR,50,0%,0%,Unknown,,,,,,,,,,,,,,,,,,,,
bain it consulting,INR,50,0%,0%,Low,0,,,,,,,,,,,,,,,,,,,
being an it consultant,INR,50,0%,0%,Unknown,,,,,,,,,,,,,,,,,,,,
best agriculture it consulting,INR,0,0%,0%,Unknown,,,,,,,,,,,,,,,,,,,,
best agriculture it consulting firms,INR,0,0%,0%,Unknown,,,,,,,,,,,,,,,,,,,,
best agtech it consulting,INR,0,0%,0%,Unknown,,,,,,,,,,,,,,,,,,,,
best agtech it consulting firms,INR,0,0%,-100%,Unknown,,,,,,,,,,,,,,,,,,,,
best it consulting firms near me,INR,50,0%,0%,Unknown,,,,,,,,,,,,,,,,,,,,
best it consulting services,INR,50,0%,0%,Low,5,,,,,,,,,,,,,,,,,,,
best it security consulting firms,INR,50,-100%,-100%,Unknown,,,,,,,,,,,,,,,,,,,,
best it strategy consulting,INR,50,0%,0%,Unknown,,,,,,,,,,,,,,,,,,,,
best it strategy consulting firms,INR,50,∞,0%,Low,11,,,,,,,,,,,,,,,,,,,
bhok it consulting inc,INR,50,0%,0%,Unknown,,,,,,,,,,,,,,,,,,,,
bi it consulting services,INR,50,0%,-100%,Unknown,,,,,,,,,,,,,,,,,,,,
big4 it company,INR,500,0%,0%,Low,0,,,,,,,,,,,,,,,,,,,
bigfoot it consulting,INR,50,0%,-100%,Unknown,,,,,,,,,,,,,,,,,,,,
biggest it consulting,INR,50,0%,0%,Unknown,,,,,,,,,,,,,,,,,,,,
bluehub it consultants,INR,50,0%,0%,Unknown,,,,,,,,,,,,,,,,,,,,
boston consulting group it,INR,50000,0%,0%,Low,5,26.3,180.8,,,,,,,,,,,,,,,,,
brillio it company,INR,50,0%,0%,Low,8,,,,,,,,,,,,,,,,,,,
business & it consulting,INR,500,0%,0%,Low,8,17.37,51.89,,,,,,,,,,,,,,,,,
business consultant ict,INR,50,∞,∞,Low,0,,,,,,,,,,,,,,,,,,,
business it consulting firm,INR,50,∞,∞,High,100,,,,,,,,,,,,,,,,,,,
business it consulting services,INR,5000,0%,0%,Low,13,14.93,52.24,,,,,,,,,,,,,,,,,
capco it,INR,50,0%,0%,Low,0,,,,,,,,,,,,,,,,,,,
ckr it consulting,INR,50,0%,∞,Low,0,,,,,,,,,,,,,,,,,,,
cloudconsole it consulting,INR,50,0%,0%,Unknown,,,,,,,,,,,,,,,,,,,,
computer it consultant,INR,50,0%,-100%,Unknown,,,,,,,,,,,,,,,,,,,,
consultant it risk,INR,0,0%,0%,Unknown,,,,,,,,,,,,,,,,,,,,
consultant it service management,INR,50,0%,0%,Low,3,,,,,,,,,,,,,,,,,,,
consulting for it companies,INR,50,0%,∞,Low,29,,,,,,,,,,,,,,,,,,,
cpg it consulting,INR,50,0%,0%,Unknown,,,,,,,,,,,,,,,,,,,,
crystal it consulting,INR,50,∞,∞,Low,0,,,,,,,,,,,,,,,,,,,
cwk it consulting,INR,50,0%,-100%,Unknown,,,,,,,,,,,,,,,,,,,,
cwk it consulting gmbh,INR,50,∞,∞,Low,0,,,,,,,,,,,,,,,,,,,
cybersec it consulting,INR,50,0%,0%,Low,8,,,,,,,,,,,,,,,,,,,
dc it consulting,INR,50,-100%,0%,Unknown,,,,,,,,,,,,,,,,,,,,
dell it consulting,INR,50,0%,0%,Unknown,,,,,,,,,,,,,,,,,,,,
deloitte consulting it,INR,50,∞,0%,Low,0,,,,,,,,,,,,,,,,,,,
deloitte it advisory,INR,50,0%,0%,Low,0,,,,,,,,,,,,,,,,,,,
deloitte it risk advisory,INR,50,∞,0%,Low,0,,,,,,,,,,,,,,,,,,,
dex it consulting,INR,50,0%,0%,Low,0,,,,,,,,,,,,,,,,,,,
dms it consulting,INR,50,0%,0%,Low,0,,,,,,,,,,,,,,,,,,,
dws it consulting,INR,50,0%,0%,Unknown,,,,,,,,,,,,,,,,,,,,
dyna it consultants,INR,0,0%,0%,Unknown,,,,,,,,,,,,,,,,,,,,
e & e it consulting services inc,INR,50,-100%,-100%,Unknown,,,,,,,,,,,,,,,,,,,,
e and e it consulting,INR,50,0%,0%,Low,18,82.03,256.96,,,,,,,,,,,,,,,,,
east bay it consulting,INR,50,0%,0%,Low,0,,,,,,,,,,,,,,,,,,,
ecm it consulting,INR,50,0%,0%,Unknown,,,,,,,,,,,,,,,,,,,,
entune it consulting,INR,500,0%,0%,Low,0,,,,,,,,,,,,,,,,,,,
epcon it consulting,INR,50,-100%,0%,Unknown,,,,,,,,,,,,,,,,,,,,
epcon it consulting gmbh,INR,50,0%,0%,Low,0,,,,,,,,,,,,,,,,,,,
ernst and young it consulting,INR,5000,0%,0%,Low,1,54.41,239.72,,,,,,,,,,,,,,,,,
esd it consulting,INR,50,0%,0%,Low,0,,,,,,,,,,,,,,,,,,,
evantage it consulting services,INR,50,0%,0%,Low,0,,,,,,,,,,,,,,,,,,,
exit it consulting,INR,0,0%,0%,Unknown,,,,,,,,,,,,,,,,,,,,
expert it consultants,INR,50,0%,0%,Low,0,,,,,,,,,,,,,,,,,,,
external it consultant,INR,50,0%,0%,Unknown,,,,,,,,,,,,,,,,,,,,
ey it advisory,INR,50,0%,0%,Low,0,,,,,,,,,,,,,,,,,,,
fluid it consulting,INR,50,0%,0%,Unknown,,,,,,,,,,,,,,,,,,,,
foco it consulting,INR,50,-100%,-100%,Unknown,,,,,,,,,,,,,,,,,,,,
french it consulting company,INR,50,-100%,-100%,Unknown,,,,,,,,,,,,,,,,,,,,
frontside it consulting,INR,0,0%,0%,Unknown,,,,,,,,,,,,,,,,,,,,
fujitsu it consulting,INR,500,0%,0%,Low,11,,,,,,,,,,,,,,,,,,,
gemini it consulting,INR,50,0%,-100%,Unknown,,,,,,,,,,,,,,,,,,,,
gemsource it consulting,INR,50,0%,0%,Low,0,,,,,,,,,,,,,,,,,,,
ggs it consulting,INR,50,0%,0%,Low,0,,,,,,,,,,,,,,,,,,,
global it consulting firms,INR,50,0%,0%,Low,4,,,,,,,,,,,,,,,,,,,
globality it consulting,INR,50,0%,-100%,Unknown,,,,,,,,,,,,,,,,,,,,
gradient m it consulting,INR,50,0%,0%,Low,1,,,,,,,,,,,,,,,,,,,
gravity it consulting,INR,50,0%,0%,Low,3,,,,,,,,,,,,,,,,,,,
green it consultant,INR,50,0%,0%,Low,0,,,,,,,,,,,,,,,,,,,
green leaf it consulting,INR,50,0%,0%,Low,0,,,,,,,,,,,,,,,,,,,
greystone it consulting,INR,50,0%,0%,Unknown,,,,,,,,,,,,,,,,,,,,
hb it consulting,INR,50,0%,0%,Unknown,,,,,,,,,,,,,,,,,,,,
hcl it consulting,INR,500,0%,900%,Low,2,,,,,,,,,,,,,,,,,,,
hungry bird it consulting services,INR,500,0%,900%,Low,0,,,,,,,,,,,,,,,,,,,
ibm it consulting services,INR,50,-100%,0%,Unknown,,,,,,,,,,,,,,,,,,,,
indice it consulting,INR,50,0%,0%,Unknown,,,,,,,,,,,,,,,,,,,,
information technology it consultant,INR,500,0%,0%,Low,10,28.46,49.87,,,,,,,,,,,,,,,,,
information technology it consulting and support services,INR,50,0%,0%,Low,7,,,,,,,,,,,,,,,,,,,
information technology it consulting services,INR,50,∞,0%,Low,0,,,,,,,,,,,,,,,,,,,
innovative it consulting,INR,50,-100%,-100%,Unknown,,,,,,,,,,,,,,,,,,,,
international it consultant,INR,50,∞,∞,Low,0,,,,,,,,,,,,,,,,,,,
isg it consulting,INR,50,0%,0%,Unknown,,,,,,,,,,,,,,,,,,,,
it and business consulting companies,INR,0,0%,0%,Unknown,,,,,,,,,,,,,,,,,,,,
it and cybersecurity consulting,INR,50,0%,0%,Low,0,,,,,,,,,,,,,,,,,,,
it and management consulting,INR,50,0%,0%,Low,5,,,,,,,,,,,,,,,,,,,
it asset management consulting,INR,50,∞,0%,Low,10,,,,,,,,,,,,,,,,,,,
it auditor consultant,INR,50,-100%,0%,Unknown,,,,,,,,,,,,,,,,,,,,
it business strategy services,INR,50,0%,0%,Unknown,,,,,,,,,,,,,,,,,,,,
it company consulting,INR,500,0%,0%,Low,12,22.6,58.94,,,,,,,,,,,,,,,,,
it computer consultant,INR,50,0%,0%,Unknown,,,,,,,,,,,,,,,,,,,,
it consu,INR,500,0%,0%,Low,10,19.94,67.8,,,,,,,,,,,,,,,,,
it consultant capgemini,INR,50,0%,0%,Low,0,,,,,,,,,,,,,,,,,,,
it consultant developer,INR,50,∞,0%,Low,29,,,,,,,,,,,,,,,,,,,
it consultant ey,INR,50,0%,0%,Low,0,,,,,,,,,,,,,,,,,,,
it consultant for manufacturing,INR,0,0%,0%,Unknown,,,,,,,,,,,,,,,,,,,,
it consultant oracle,INR,50,∞,0%,Low,0,,,,,,,,,,,,,,,,,,,
it consulting & outsourcing provider,INR,0,0%,0%,Unknown,,,,,,,,,,,,,,,,,,,,
it consulting & strategy,INR,50,∞,∞,Low,0,,,,,,,,,,,,,,,,,,,
it consulting and managed services,INR,50,0%,0%,Low,14,,,,,,,,,,,,,,,,,,,
it consulting and outsourcing,INR,50,0%,0%,Low,0,,,,,,,,,,,,,,,,,,,
it consulting asset management,INR,50,0%,0%,Unknown,,,,,,,,,,,,,,,,,,,,
it consulting banking,INR,50,-100%,0%,Unknown,,,,,,,,,,,,,,,,,,,,
it consulting business software,INR,50,∞,0%,Low,0,,,,,,,,,,,,,,,,,,,
it consulting firm services,INR,50,0%,∞,Low,0,,,,,,,,,,,,,,,,,,,
it consulting for hospitality,INR,50,-100%,0%,Unknown,,,,,,,,,,,,,,,,,,,,
it consulting for manufacturing companies,INR,50,0%,0%,Unknown,,,,,,,,,,,,,,,,,,,,
it consulting group inc,INR,50,∞,0%,Low,0,,,,,,,,,,,,,,,,,,,
it consulting management,INR,50000,0%,0%,Low,3,15.55,80.35,,,,,,,,,,,,,,,,,
it consulting mnc,INR,50,0%,0%,Low,21,,,,,,,,,,,,,,,,,,,
it consulting network,INR,50,0%,0%,Unknown,,,,,,,,,,,,,,,,,,,,
it consulting process,INR,50,0%,0%,Low,11,,,,,,,,,,,,,,,,,,,
it consulting professional services,INR,50,∞,0%,Low,0,,,,,,,,,,,,,,,,,,,
it consulting project,INR,50,0%,0%,Low,0,,,,,,,,,,,,,,,,,,,
it consulting provider,INR,50,0%,0%,Low,5,,,,,,,,,,,,,,,,,,,
it consulting real estate,INR,50,0%,0%,Unknown,,,,,,,,,,,,,,,,,,,,
it consulting service offerings,INR,50,-100%,0%,Unknown,,,,,,,,,,,,,,,,,,,,
it consulting service provider,INR,50,-100%,-100%,Unknown,,,,,,,,,,,,,,,,,,,,
it consulting services firm,INR,50,0%,∞,Low,0,,,,,,,,,,,,,,,,,,,
it consulting solution,INR,50,0%,0%,Low,13,46.87,415.99,,,,,,,,,,,,,,,,,
it consulting south bay,INR,0,0%,0%,Unknown,,,,,,,,,,,,,,,,,,,,
it consulting startups,INR,50,0%,0%,Low,18,,,,,,,,,,,,,,,,,,,
it consulting support,INR,50,0%,0%,Low,12,,,,,,,,,,,,,,,,,,,
it consulting to management consulting,INR,50,0%,0%,Low,0,,,,,,,,,,,,,,,,,,,
it design consulting,INR,50,-100%,0%,Unknown,,,,,,,,,,,,,,,,,,,,
it development consultant,INR,50,-100%,-100%,Unknown,,,,,,,,,,,,,,,,,,,,
it domain in tcs,INR,50,0%,0%,Low,0,,,,,,,,,,,,,,,,,,,
it erp consulting,INR,50,0%,0%,Unknown,,,,,,,,,,,,,,,,,,,,
it expert consulting,INR,50,-100%,0%,Unknown,,,,,,,,,,,,,,,,,,,,
it factor consulting,INR,0,0%,0%,Unknown,,,,,,,,,,,,,,,,,,,,
it governance consulting services,INR,50,0%,0%,Low,0,,,,,,,,,,,,,,,,,,,
it information technology consultant,INR,50,0%,-100%,Unknown,,,,,,,,,,,,,,,,,,,,
it infrastructure consulting companies,INR,50,0%,0%,Low,0,,,,,,,,,,,,,,,,,,,
it infrastructure management consulting,INR,50,-100%,-100%,Unknown,,,,,,,,,,,,,,,,,,,,
it managed service consultant,INR,0,0%,0%,Unknown,,,,,,,,,,,,,,,,,,,,
it management and consulting,INR,50,0%,0%,Low,17,,,,,,,,,,,,,,,,,,,
it management consulting & auditing,INR,0,0%,0%,Unknown,,,,,,,,,,,,,,,,,,,,
it management consulting firms,INR,50,0%,0%,High,79,,,,,,,,,,,,,,,,,,,
it management consulting services,INR,50,0%,0%,Low,24,,,,,,,,,,,,,,,,,,,
it network consulting services,INR,50,0%,0%,Low,17,38,67.8,,,,,,,,,,,,,,,,,
it process consulting,INR,50,0%,0%,Low,11,,,,,,,,,,,,,,,,,,,
it product consultant,INR,50,0%,0%,Low,0,,,,,,,,,,,,,,,,,,,
it professional consulting,INR,50,∞,0%,Low,0,,,,,,,,,,,,,,,,,,,
it project management consulting companies,INR,50,0%,∞,Low,0,,,,,,,,,,,,,,,,,,,
it project management consulting firms,INR,50,0%,∞,Low,0,,,,,,,,,,,,,,,,,,,
it risk and advisory,INR,50,0%,-100%,Unknown,,,,,,,,,,,,,,,,,,,,
it service delivery consultant,INR,50,0%,-100%,Unknown,,,,,,,,,,,,,,,,,,,,
it service provider consulting,INR,0,0%,0%,Unknown,,,,,,,,,,,,,,,,,,,,
it software consulting services,INR,50,∞,0%,Low,0,,,,,,,,,,,,,,,,,,,
it sourcing advisory,INR,50,∞,∞,Low,0,,,,,,,,,,,,,,,,,,,
it sourcing advisory firms,INR,50,0%,0%,Unknown,,,,,,,,,,,,,,,,,,,,
it strategy consulting services,INR,50,0%,0%,Low,3,,,,,,,,,,,,,,,,,,,
it support and consulting services,INR,50,0%,∞,Low,29,,,,,,,,,,,,,,,,,,,
it support services and consulting,INR,50,0%,0%,Unknown,,,,,,,,,,,,,,,,,,,,
it technology consulting services,INR,50,0%,0%,Low,7,,,,,,,,,,,,,,,,,,,
it trailblazers consulting,INR,50,0%,0%,Low,0,,,,,,,,,,,,,,,,,,,
it web consultants,INR,50,0%,0%,Unknown,,,,,,,,,,,,,,,,,,,,
iws consulting it advisory company,INR,50,∞,0%,Low,0,,,,,,,,,,,,,,,,,,,
joy it consulting,INR,500,0%,0%,Low,0,,,,,,,,,,,,,,,,,,,
k2 it consulting,INR,50,0%,0%,Unknown,,,,,,,,,,,,,,,,,,,,
keystone it consulting,INR,50,-100%,-100%,Unknown,,,,,,,,,,,,,,,,,,,,
kinonah it consulting services,INR,50,0%,0%,Low,0,,,,,,,,,,,,,,,,,,,
largest it consulting companies,INR,50,0%,0%,Low,2,,,,,,,,,,,,,,,,,,,
local it consulting services,INR,0,0%,0%,Unknown,,,,,,,,,,,,,,,,,,,,
lpj it consulting,INR,0,0%,-100%,Unknown,,,,,,,,,,,,,,,,,,,,
managed it consulting services,INR,50,0%,0%,Low,14,,,,,,,,,,,,,,,,,,,
managed it services consulting,INR,50,0%,0%,Low,0,,,,,,,,,,,,,,,,,,,
managed services it consultant,INR,50,0%,0%,Unknown,,,,,,,,,,,,,,,,,,,,
manufacturing it consulting,INR,50,0%,0%,Medium,49,22.52,51.41,,,,,,,,,,,,,,,,,
mb it consulting,INR,50,-100%,0%,Unknown,,,,,,,,,,,,,,,,,,,,
mbm it consulting,INR,50,-100%,-100%,Unknown,,,,,,,,,,,,,,,,,,,,
meditech it consulting,INR,0,0%,-100%,Unknown,,,,,,,,,,,,,,,,,,,,
mercer it company,INR,50,0%,0%,Low,0,,,,,,,,,,,,,,,,,,,
metscon it consulting,INR,50,0%,∞,Low,4,,,,,,,,,,,,,,,,,,,
microvision it consultant,INR,50,0%,0%,Low,0,,,,,,,,,,,,,,,,,,,
mind it consulting,INR,50,∞,0%,Low,0,,,,,,,,,,,,,,,,,,,
mm it consulting,INR,0,0%,0%,Unknown,,,,,,,,,,,,,,,,,,,,
modis it consulting,INR,50,0%,∞,Low,0,,,,,,,,,,,,,,,,,,,
moot it consulting,INR,0,0%,0%,Unknown,,,,,,,,,,,,,,,,,,,,
motshwanelo it consulting,INR,50,-100%,0%,Unknown,,,,,,,,,,,,,,,,,,,,
mouri tech it consulting,INR,50,0%,0%,Low,0,,,,,,,,,,,,,,,,,,,
mouritech it consulting,INR,50,0%,0%,Low,0,,,,,,,,,,,,,,,,,,,
nagarro it consulting & services,INR,50,-100%,-100%,Unknown,,,,,,,,,,,,,,,,,,,,
nestor it consultants,INR,50,0%,0%,Low,0,,,,,,,,,,,,,,,,,,,
network it consulting services,INR,50,0%,0%,Low,17,38,67.8,,,,,,,,,,,,,,,,,
nevadian it consulting,INR,50,0%,0%,Unknown,,,,,,,,,,,,,,,,,,,,
new wave it consulting,INR,50,∞,0%,Low,0,,,,,,,,,,,,,,,,,,,
noc for it consultant,INR,50,0%,0%,Unknown,,,,,,,,,,,,,,,,,,,,
noc it consultant,INR,50,0%,-100%,Unknown,,,,,,,,,,,,,,,,,,,,
non profit it consulting,INR,50,0%,0%,Low,10,69.85,323.92,,,,,,,,,,,,,,,,,
nss it consultants,INR,50,-100%,-100%,Unknown,,,,,,,,,,,,,,,,,,,,
offshore it consulting,INR,50,∞,0%,Low,14,,,,,,,,,,,,,,,,,,,
pacavo it consulting,INR,50,0%,0%,Low,3,,,,,,,,,,,,,,,,,,,
palmer it consultants,INR,0,0%,0%,Unknown,,,,,,,,,,,,,,,,,,,,
paragon it consulting,INR,50,∞,0%,Low,0,,,,,,,,,,,,,,,,,,,
phi it consulting,INR,50,-100%,-100%,Unknown,,,,,,,,,,,,,,,,,,,,
photon it consulting,INR,50,∞,∞,Low,0,,,,,,,,,,,,,,,,,,,
pioneers it & business consulting,INR,50,0%,0%,Unknown,,,,,,,,,,,,,,,,,,,,
point it consulting,INR,50,0%,0%,Unknown,,,,,,,,,,,,,,,,,,,,
poonam it consulting,INR,50,0%,-90%,Low,0,,,,,,,,,,,,,,,,,,,
poonam it consulting services,INR,500,0%,0%,Low,0,,,,,,,,,,,,,,,,,,,
prodigy it consulting,INR,50,0%,∞,Low,0,,,,,,,,,,,,,,,,,,,
protiviti it,INR,50,-100%,-100%,Unknown,,,,,,,,,,,,,,,,,,,,
protiviti it audit,INR,50,0%,∞,Low,0,,,,,,,,,,,,,,,,,,,
protiviti it consulting,INR,50,0%,0%,Low,0,,,,,,,,,,,,,,,,,,,
provide it consulting,INR,50,0%,-100%,Unknown,,,,,,,,,,,,,,,,,,,,
pwc it advisory,INR,500,0%,0%,Low,0,,,,,,,,,,,,,,,,,,,
ramkrishna it consulting,INR,50,0%,0%,Low,1,,,,,,,,,,,,,,,,,,,
real it consultants,INR,0,0%,0%,Unknown,,,,,,,,,,,,,,,,,,,,
reizend it consultants technopark,INR,50,-100%,0%,Unknown,,,,,,,,,,,,,,,,,,,,
renovize it consulting,INR,50,0%,0%,Low,0,,,,,,,,,,,,,,,,,,,
rsi it consulting,INR,50,-100%,-100%,Unknown,,,,,,,,,,,,,,,,,,,,
saas it consulting,INR,50,0%,-100%,Unknown,,,,,,,,,,,,,,,,,,,,
sage it consulting,INR,50,-100%,-100%,Unknown,,,,,,,,,,,,,,,,,,,,
sankalit it consultant,INR,50,0%,0%,Low,1,,,,,,,,,,,,,,,,,,,
sap services it consulting,INR,50,-100%,-100%,Unknown,,,,,,,,,,,,,,,,,,,,
sapster it consulting,INR,50,0%,0%,Low,0,,,,,,,,,,,,,,,,,,,
sarp it consultant,INR,50,0%,-100%,Unknown,,,,,,,,,,,,,,,,,,,,
sazan it consulting,INR,50,0%,-100%,Unknown,,,,,,,,,,,,,,,,,,,,
sazan it consulting inc,INR,50,0%,0%,Low,0,,,,,,,,,,,,,,,,,,,
secure it consulting,INR,50,0%,∞,Low,0,,,,,,,,,,,,,,,,,,,
serviced it consulting,INR,5000,0%,0%,Low,8,24.36,84.91,,,,,,,,,,,,,,,,,
silicon soft and it consultant,INR,50,0%,0%,Unknown,,,,,,,,,,,,,,,,,,,,
simplified it consulting,INR,50,0%,0%,Medium,34,161.54,600.55,,,,,,,,,,,,,,,,,
sirius it consulting,INR,50,0%,-100%,Unknown,,,,,,,,,,,,,,,,,,,,
sivils it consulting,INR,50,∞,0%,Low,0,,,,,,,,,,,,,,,,,,,
skanda it consulting,INR,50,0%,0%,Low,7,,,,,,,,,,,,,,,,,,,
slk it services and it consulting,INR,50,0%,0%,Low,0,,,,,,,,,,,,,,,,,,,
softsages technology it consulting services cyber security,INR,500,0%,900%,Low,10,,,,,,,,,,,,,,,,,,,
source it consulting,INR,50,0%,0%,Low,0,,,,,,,,,,,,,,,,,,,
synergy it consulting,INR,50,0%,0%,Low,0,,,,,,,,,,,,,,,,,,,
tcs it consulting,INR,50,0%,0%,Low,0,,,,,,,,,,,,,,,,,,,
tcs it infrastructure,INR,50,0%,0%,Low,0,,,,,,,,,,,,,,,,,,,
tech era it consulting,INR,500,0%,0%,Low,4,,,,,,,,,,,,,,,,,,,
technical it consulting,INR,5000,0%,0%,Low,0,16.52,220.13,,,,,,,,,,,,,,,,,
technology consulting & it services,INR,50,0%,-100%,Unknown,,,,,,,,,,,,,,,,,,,,
telecom it consulting,INR,50,-100%,-100%,Unknown,,,,,,,,,,,,,,,,,,,,
the it consultant,INR,50,0%,-100%,Unknown,,,,,,,,,,,,,,,,,,,,
think it consulting,INR,50,0%,0%,Unknown,,,,,,,,,,,,,,,,,,,,
thoughtworks it company,INR,50,0%,0%,Low,0,,,,,,,,,,,,,,,,,,,
top 4 it consulting firms,INR,50,0%,0%,Low,7,,,,,,,,,,,,,,,,,,,
top 5 it consulting firms,INR,50,0%,-100%,Unknown,,,,,,,,,,,,,,,,,,,,
top global it consulting firms,INR,50,0%,0%,Low,0,,,,,,,,,,,,,,,,,,,
top it project management consulting firms,INR,0,0%,0%,Unknown,,,,,,,,,,,,,,,,,,,,
vault it consulting,INR,0,0%,0%,Unknown,,,,,,,,,,,,,,,,,,,,
vendorcom it consulting,INR,50,∞,0%,Low,0,,,,,,,,,,,,,,,,,,,
vir it consulting,INR,, --, --,Unknown,,,,,,,,,,,,,,,,,,,,
vls it consulting,INR,50,0%,0%,Low,0,,,,,,,,,,,,,,,,,,,
vukile it consulting,INR,50,0%,∞,Low,7,,,,,,,,,,,,,,,,,,,
western bridger it consultants,INR,0,0%,0%,Unknown,,,,,,,,,,,,,,,,,,,,
world's biggest it consulting firms,INR,50,0%,0%,Low,3,,,,,,,,,,,,,,,,,,,
world's largest it consulting companies,INR,50,0%,0%,Low,1,,,,,,,,,,,,,,,,,,,
